Car_Name,Year,Present_Price,Driven_kms,Fuel_Type,Selling_type,Transmission,Owner
9.0,3.0,50.0,85.0,2.0,0.0,1.0,0.0
7.0,1.0,41.0,78.0,2.0,0.0,1.0,0.0
7.0,8.0,48.0,31.0,2.0,0.0,1.0,0.0
28.0,0.0,30.0,76.0,2.0,0.0,1.0,0.0
3.0,8.0,28.0,24.0,2.0,0.0,0.0,0.0
11.0,1.0,23.0,81.0,2.0,0.0,1.0,0.0
16.0,7.0,19.0,40.0,2.0,0.0,1.0,0.0
7.0,7.0,48.0,37.0,2.0,0.0,1.0,0.0
19.0,7.0,61.0,59.0,1.0,0.0,0.0,0.0
26.0,5.0,7.0,77.0,2.0,0.0,1.0,0.0
8.0,0.0,45.0,86.0,2.0,0.0,0.0,0.0
19.0,9.0,61.0,3.0,1.0,0.0,0.0,0.0
13.0,8.0,5.0,13.0,2.0,0.0,1.0,0.0
23.0,9.0,61.0,13.0,1.0,0.0,0.0,0.0
7.0,7.0,41.0,27.0,2.0,0.0,1.0,0.0
10.0,8.0,48.0,39.0,1.0,0.0,1.0,0.0
7.0,8.0,37.0,19.0,1.0,0.0,1.0,0.0
15.0,6.0,35.0,84.0,1.0,0.0,1.0,0.0
24.0,8.0,33.0,15.0,2.0,0.0,0.0,0.0
27.0,3.0,8.0,20.0,2.0,0.0,1.0,0.0
7.0,7.0,48.0,25.0,2.0,0.0,1.0,0.0
30.0,7.0,37.0,40.0,2.0,0.0,1.0,0.0
25.0,2.0,61.0,82.0,1.0,0.0,1.0,0.0
9.0,2.0,58.0,83.0,2.0,0.0,0.0,0.0
11.0,6.0,31.0,57.0,1.0,0.0,1.0,0.0
21.0,3.0,5.0,71.0,2.0,0.0,1.0,0.0
23.0,6.0,53.0,73.0,1.0,0.0,1.0,0.0
9.0,2.0,54.0,63.0,2.0,0.0,1.0,0.0
23.0,9.0,59.0,8.0,2.0,0.0,0.0,0.0
27.0,5.0,12.0,70.0,2.0,0.0,1.0,0.0
30.0,4.0,37.0,36.0,1.0,0.0,1.0,0.0
7.0,9.0,46.0,5.0,1.0,0.0,1.0,0.0
1.0,2.0,2.0,54.0,2.0,0.0,1.0,0.0
20.0,7.0,11.0,22.0,1.0,0.0,1.0,0.0
30.0,4.0,37.0,41.0,2.0,0.0,1.0,0.0
9.0,5.0,55.0,47.0,2.0,0.0,1.0,0.0
30.0,5.0,37.0,61.0,1.0,0.0,1.0,0.0
14.0,8.0,43.0,52.0,1.0,0.0,1.0,0.0
13.0,8.0,5.0,9.0,2.0,0.0,1.0,0.0
20.0,5.0,11.0,67.0,1.0,0.0,1.0,0.0
6.0,9.0,36.0,42.0,2.0,0.0,0.0,0.0
7.0,6.0,39.0,60.0,1.0,0.0,1.0,0.0
27.0,9.0,16.0,17.0,2.0,1.0,1.0,0.0
7.0,8.0,48.0,62.0,2.0,0.0,1.0,0.0
22.0,4.0,18.0,66.0,1.0,0.0,1.0,0.0
23.0,7.0,47.0,43.0,1.0,0.0,1.0,0.0
13.0,8.0,5.0,11.0,2.0,0.0,1.0,0.0
12.0,7.0,52.0,53.0,1.0,0.0,1.0,0.0
24.0,8.0,32.0,10.0,2.0,0.0,1.0,0.0
21.0,5.0,6.0,32.0,2.0,0.0,1.0,0.0
